first_name,last_name,email,gender
Nap,Merriment,nmerriment0@bbb.org,Male
Parker,Latan,platan1@redcross.org,Non-binary
Alexio,Middler,amiddler2@sohu.com,Bigender
Dode,Kemmish,dkemmish3@thetimes.co.uk,Agender
Stewart,Hearnah,shearnah4@linkedin.com,Genderfluid
Aldo,Wombwell,awombwell5@sourceforge.net,Agender
Filip,Phipard-Shears,fphipardshears6@patch.com,Male
Lewiss,Waulker,lwaulker7@friendfeed.com,Genderqueer
Richart,Hutton,rhutton8@state.tx.us,Bigender
Isa,Fermin,ifermin9@kickstarter.com,Non-binary
Sarene,Yitzhak,syitzhaka@guardian.co.uk,Non-binary
Edlin,Blastock,eblastockb@bbb.org,Agender
Sondra,Hollerin,shollerinc@joomla.org,Male
Sidonia,Tellesson,stellessond@photobucket.com,Female
Stanly,Murden,smurdene@spiegel.de,Female
Anallese,Winchurst,awinchurstf@altervista.org,Genderqueer
Holt,Oleszczak,holeszczakg@toplist.cz,Polygender
Gannie,Owain,gowainh@4shared.com,Male
Therese,Denne,tdennei@clickbank.net,Female
Galvin,Hansemann,ghansemannj@ustream.tv,Genderqueer
Annetta,Axleby,aaxlebyk@uol.com.br,Non-binary
Myranda,Pattillo,mpattillol@wordpress.org,Genderqueer
Georas,Ruddiforth,gruddiforthm@cbsnews.com,Polygender
Carson,Gentery,cgenteryn@nationalgeographic.com,Male
Neron,O' Quirk,noquirko@soup.io,Bigender
Audrey,Landes,alandesp@yandex.ru,Polygender
Dory,Jerosch,djeroschq@rakuten.co.jp,Non-binary
Birch,Jancik,bjancikr@uol.com.br,Female
Mehetabel,Trighton,mtrightons@amazon.co.jp,Genderqueer
Eldon,Crisall,ecrisallt@mtv.com,Bigender
Meta,Loraine,mloraineu@ow.ly,Genderfluid
Cecilio,Figura,cfigurav@salon.com,Genderfluid
Nanette,Brigg,nbriggw@xinhuanet.com,Female
Kaila,Shirley,kshirleyx@wunderground.com,Female
Gregg,Du Fray,gdufrayy@lulu.com,Genderqueer
Phyllys,Flacke,pflackez@angelfire.com,Polygender
Candie,Kleinstein,ckleinstein10@china.com.cn,Female
Evania,De Francesco,edefrancesco11@aol.com,Genderfluid
Olly,Ellerman,oellerman12@abc.net.au,Female
Judon,Bencher,jbencher13@instagram.com,Female
Weylin,Orpyne,worpyne14@last.fm,Female
Adrienne,Barense,abarense15@unesco.org,Bigender
Austen,Sale,asale16@hugedomains.com,Bigender
Caryl,Knivett,cknivett17@hhs.gov,Bigender
Holli,Locks,hlocks18@github.com,Bigender
Breena,Fisbburne,bfisbburne19@hugedomains.com,Agender
Gothart,Simakov,gsimakov1a@berkeley.edu,Non-binary
Janaya,Groome,jgroome1b@typepad.com,Bigender
Rianon,Ginnell,rginnell1c@fc2.com,Male
Dagmar,Mudd,dmudd1d@omniture.com,Agender
Kenneth,Yackiminie,kyackiminie1e@nationalgeographic.com,Polygender
Sid,Dominelli,sdominelli1f@howstuffworks.com,Polygender
Tomi,Mertsching,tmertsching1g@ihg.com,Male
Daria,Oman,doman1h@chronoengine.com,Genderqueer
Bennett,Ghidotti,bghidotti1i@diigo.com,Polygender
Terry,Pomfrey,tpomfrey1j@usda.gov,Genderfluid
Illa,Carcass,icarcass1k@amazon.co.jp,Non-binary
Shea,Verdy,sverdy1l@mozilla.com,Genderfluid
Franklin,Sandland,fsandland1m@spiegel.de,Female
Leda,Smissen,lsmissen1n@aol.com,Polygender
Brian,Neesham,bneesham1o@studiopress.com,Agender
Milka,Guage,mguage1p@uiuc.edu,Bigender
Silvie,Grieveson,sgrieveson1q@t.co,Male
Rikki,Hassewell,rhassewell1r@dyndns.org,Female
Gisele,Crut,gcrut1s@phoca.cz,Female
Leesa,Mussett,lmussett1t@columbia.edu,Agender
Melesa,Lempenny,mlempenny1u@telegraph.co.uk,Genderqueer
Marrissa,Craiker,mcraiker1v@oakley.com,Bigender
Jaquelin,Trevaskis,jtrevaskis1w@ameblo.jp,Polygender
Rancell,Minshaw,rminshaw1x@ucoz.com,Bigender
Garrett,Lakeland,glakeland1y@paypal.com,Polygender
Darius,Scarce,dscarce1z@mediafire.com,Polygender
Lorant,Sitwell,lsitwell20@ucoz.ru,Male
Moshe,Huntar,mhuntar21@elegantthemes.com,Female
Ignacio,Stolte,istolte22@weibo.com,Agender
Inger,Di Franceschi,idifranceschi23@nationalgeographic.com,Genderqueer
Talyah,Grundon,tgrundon24@jugem.jp,Genderfluid
Barris,Pfaffe,bpfaffe25@wordpress.com,Agender
Brok,Cruwys,bcruwys26@phoca.cz,Bigender
Roley,Di Claudio,rdiclaudio27@e-recht24.de,Non-binary
Brose,Demangel,bdemangel28@altervista.org,Bigender
Karlens,Osborne,kosborne29@spiegel.de,Non-binary
Berthe,Pergens,bpergens2a@ocn.ne.jp,Male
Barrett,Sime,bsime2b@delicious.com,Genderqueer
Alyce,Campione,acampione2c@lulu.com,Non-binary
Trudie,Mityukov,tmityukov2d@ezinearticles.com,Male
Anthony,Stendell,astendell2e@google.com.hk,Agender
Phaedra,Bomb,pbomb2f@forbes.com,Bigender
Franklin,Manclark,fmanclark2g@fotki.com,Polygender
Lexy,Link,llink2h@theguardian.com,Agender
Bev,Petyt,bpetyt2i@icq.com,Agender
Ali,Lumb,alumb2j@gizmodo.com,Non-binary
Rosemaria,Maddaford,rmaddaford2k@4shared.com,Bigender
Toby,McKinstry,tmckinstry2l@jalbum.net,Genderqueer
Rebekah,Ormond,rormond2m@typepad.com,Male
Sebastien,Cordero,scordero2n@senate.gov,Non-binary
Glen,Feedome,gfeedome2o@jigsy.com,Female
Kent,Latty,klatty2p@blogs.com,Male
Zachariah,Nunan,znunan2q@foxnews.com,Bigender
Sheridan,Rochester,srochester2r@bloomberg.com,Non-binary
